{
    "summary": [
        {
            "province": "Alberta",
            "date": "30-04-2022",
            "cases": 0,
            "cumulative_cases": 565052,
            "deaths": 0.0,
            "cumulative_deaths": 4252.0,
            "recovered": 0.0,
            "cumulative_recovered": 523679.0,
            "testing": 0.0,
            "cumulative_testing": 7028232.0,
            "testing_info": "NULL",
            "active_cases": 37121,
            "active_cases_change": 0,
            "avaccine": 0.0,
            "cumulative_avaccine": 8698772.0,
            "dvaccine": 0.0,
            "cumulative_dvaccine": 11216109.0,
            "cvaccine": 0.0,
            "cumulative_cvaccine": 3389176.0
        },
        {
            "province": "BC",
            "date": "30-04-2022",
            "cases": 0,
            "cumulative_cases": 363302,
            "deaths": 0.0,
            "cumulative_deaths": 3147.0,
            "recovered": 0.0,
            "cumulative_recovered": 318871.0,
            "testing": 0.0,
            "cumulative_testing": 5941961.0,
            "testing_info": "NULL",
            "active_cases": 41284,
            "active_cases_change": 0,
            "avaccine": 0.0,
            "cumulative_avaccine": 11605045.0,
            "dvaccine": 0.0,
            "cumulative_dvaccine": 12353890.0,
            "cvaccine": 0.0,
            "cumulative_cvaccine": 4355573.0
        },
        {
            "province": "Manitoba",
            "date": "30-04-2022",
            "cases": 0,
            "cumulative_cases": 140931,
            "deaths": 0.0,
            "cumulative_deaths": 1792.0,
            "recovered": 0.0,
            "cumulative_recovered": 129338.0,
            "testing": 0.0,
            "cumulative_testing": 1478360.0,
            "testing_info": "NULL",
            "active_cases": 9801,
            "active_cases_change": 0,
            "avaccine": 0.0,
            "cumulative_avaccine": 2863534.0,
            "dvaccine": 0.0,
            "cumulative_dvaccine": 3747158.0,
            "cvaccine": 0.0,
            "cumulative_cvaccine": 1108820.0
        },
        {
            "province": "New Brunswick",
            "date": "30-04-2022",
            "cases": 0,
            "cumulative_cases": 60756,
            "deaths": 0.0,
            "cumulative_deaths": 384.0,
            "recovered": 0.0,
            "cumulative_recovered": 57238.0,
            "testing": 0.0,
            "cumulative_testing": 771179.0,
            "testing_info": "NULL",
            "active_cases": 3134,
            "active_cases_change": 0,
            "avaccine": 0.0,
            "cumulative_avaccine": 1740082.0,
            "dvaccine": 0.0,
            "cumulative_dvaccine": 2173945.0,
            "cvaccine": 0.0,
            "cumulative_cvaccine": 657661.0
        },
        {
            "province": "NL",
            "date": "30-04-2022",
            "cases": 0,
            "cumulative_cases": 44148,
            "deaths": 0.0,
            "cumulative_deaths": 164.0,
            "recovered": 0.0,
            "cumulative_recovered": 25162.0,
            "testing": 0.0,
            "cumulative_testing": 528651.0,
            "testing_info": "NULL",
            "active_cases": 18822,
            "active_cases_change": 0,
            "avaccine": 0.0,
            "cumulative_avaccine": 1256652.0,
            "dvaccine": 0.0,
            "cumulative_dvaccine": 1483584.0,
            "cvaccine": 0.0,
            "cumulative_cvaccine": 475891.0
        },
        {
            "province": "Nova Scotia",
            "date": "30-04-2022",
            "cases": 0,
            "cumulative_cases": 85999,
            "deaths": 0.0,
            "cumulative_deaths": 313.0,
            "recovered": 0.0,
            "cumulative_recovered": 44380.0,
            "testing": 0.0,
            "cumulative_testing": 1777959.0,
            "testing_info": "NULL",
            "active_cases": 41306,
            "active_cases_change": 0,
            "avaccine": 0.0,
            "cumulative_avaccine": 2217196.0,
            "dvaccine": 0.0,
            "cumulative_dvaccine": 2459252.0,
            "cvaccine": 0.0,
            "cumulative_cvaccine": 831009.0
        },
        {
            "province": "Nunavut",
            "date": "30-04-2022",
            "cases": 0,
            "cumulative_cases": 3531,
            "deaths": 0.0,
            "cumulative_deaths": 7.0,
            "recovered": 0.0,
            "cumulative_recovered": 3435.0,
            "testing": 0.0,
            "cumulative_testing": 38807.0,
            "testing_info": "NULL",
            "active_cases": 89,
            "active_cases_change": 0,
            "avaccine": 0.0,
            "cumulative_avaccine": 77083.0,
            "dvaccine": 0.0,
            "cumulative_dvaccine": 105630.0,
            "cvaccine": 0.0,
            "cumulative_cvaccine": 29021.0
        },
        {
            "province": "NWT",
            "date": "30-04-2022",
            "cases": 0,
            "cumulative_cases": 11832,
            "deaths": 0.0,
            "cumulative_deaths": 22.0,
            "recovered": 0.0,
            "cumulative_recovered": 11688.0,
            "testing": 0.0,
            "cumulative_testing": 40216.0,
            "testing_info": "NULL",
            "active_cases": 122,
            "active_cases_change": 0,
            "avaccine": 0.0,
            "cumulative_avaccine": 100164.0,
            "dvaccine": 0.0,
            "cumulative_dvaccine": 115410.0,
            "cvaccine": 0.0,
            "cumulative_cvaccine": 39446.0
        },
        {
            "province": "Ontario",
            "date": "30-04-2022",
            "cases": 479,
            "cumulative_cases": 1271818,
            "deaths": 4.0,
            "cumulative_deaths": 12873.0,
            "recovered": 501.0,
            "cumulative_recovered": 1232714.0,
            "testing": 16841.0,
            "cumulative_testing": 24057745.0,
            "testing_info": "NULL",
            "active_cases": 26231,
            "active_cases_change": -26,
            "avaccine": 30913.0,
            "cumulative_avaccine": 32759866.0,
            "dvaccine": 0.0,
            "cumulative_dvaccine": 36407291.0,
            "cvaccine": 1758.0,
            "cumulative_cvaccine": 12167164.0
        },
        {
            "province": "PEI",
            "date": "30-04-2022",
            "cases": 0,
            "cumulative_cases": 34270,
            "deaths": 0.0,
            "cumulative_deaths": 25.0,
            "recovered": 0.0,
            "cumulative_recovered": 31670.0,
            "testing": 0.0,
            "cumulative_testing": 254990.0,
            "testing_info": "NULL",
            "active_cases": 2575,
            "active_cases_change": 0,
            "avaccine": 0.0,
            "cumulative_avaccine": 376855.0,
            "dvaccine": 0.0,
            "cumulative_dvaccine": 425075.0,
            "cvaccine": 0.0,
            "cumulative_cvaccine": 143804.0
        },
        {
            "province": "Quebec",
            "date": "30-04-2022",
            "cases": 1557,
            "cumulative_cases": 1042632,
            "deaths": 23.0,
            "cumulative_deaths": 15000.0,
            "recovered": 2841.0,
            "cumulative_recovered": 1004402.0,
            "testing": 0.0,
            "cumulative_testing": 5964752.0,
            "testing_info": "NULL",
            "active_cases": 23230,
            "active_cases_change": -1307,
            "avaccine": 31839.0,
            "cumulative_avaccine": 19818116.0,
            "dvaccine": 0.0,
            "cumulative_dvaccine": 23082195.0,
            "cvaccine": 679.0,
            "cumulative_cvaccine": 7152734.0
        },
        {
            "province": "Repatriated",
            "date": "30-04-2022",
            "cases": 0,
            "cumulative_cases": 13,
            "deaths": 0.0,
            "cumulative_deaths": 0.0,
            "recovered": 0.0,
            "cumulative_recovered": 13.0,
            "testing": 0.0,
            "cumulative_testing": 0.0,
            "testing_info": "NULL",
            "active_cases": 0,
            "active_cases_change": 0,
            "avaccine": "NULL",
            "cumulative_avaccine": "NULL",
            "dvaccine": "NULL",
            "cumulative_dvaccine": "NULL",
            "cvaccine": "NULL",
            "cumulative_cvaccine": "NULL"
        },
        {
            "province": "Saskatchewan",
            "date": "30-04-2022",
            "cases": 0,
            "cumulative_cases": 136027,
            "deaths": 0.0,
            "cumulative_deaths": 1312.0,
            "recovered": 0.0,
            "cumulative_recovered": 113023.0,
            "testing": 0.0,
            "cumulative_testing": 733103.0,
            "testing_info": "NULL",
            "active_cases": 21692,
            "active_cases_change": 0,
            "avaccine": 0.0,
            "cumulative_avaccine": 2400239.0,
            "dvaccine": 0.0,
            "cumulative_dvaccine": 3036005.0,
            "cvaccine": 0.0,
            "cumulative_cvaccine": 913551.0
        },
        {
            "province": "Yukon",
            "date": "30-04-2022",
            "cases": 0,
            "cumulative_cases": 4196,
            "deaths": 0.0,
            "cumulative_deaths": 25.0,
            "recovered": 0.0,
            "cumulative_recovered": 4101.0,
            "testing": 0.0,
            "cumulative_testing": 32164.0,
            "testing_info": "NULL",
            "active_cases": 70,
            "active_cases_change": 0,
            "avaccine": 0.0,
            "cumulative_avaccine": 91848.0,
            "dvaccine": 0.0,
            "cumulative_dvaccine": 101280.0,
            "cvaccine": 0.0,
            "cumulative_cvaccine": 35131.0
        }
    ],
    "deprecation_warning": "This dataset is deprecated and will be removed on April 30, 2022. Please see details of our improved replacement dataset here: https://raw.githubusercontent.com/ccodwg/Covid19Canada/master/ccodwg_dataset_announcement.pdf"
}